You can get lots of XP from|Stages in Stories of Legend!|Try stages you already beat|to get extra XP!|
They say Metal enemies are|weak vs. Critical attacks! Try |to find some Cats who have anti-|Metal abilities in their descriptions!|
Raise your User Rank to make higher|levels available for your Cat Units!|Higher user ranks will get your|Cats to their ultimate potential!|
Upgrade the basic units up to their True|Form to greatly enhance their battle power.|Get Cat Tickets and upgrade your units|to their maximum potential!|
Tap the word bubble in the Cat|Base to see other useful tips and|tricks for the game!!|＠|
Be careful to upgrade your basic Cats|alongside your rare types! Keep|all of your Cats powerful... you never|know when each type might be handy!|
＠|＠|＠|＠|
＠|＠|＠|＠|
＠|＠|＠|＠|
＠|＠|＠|＠|
