Collect Cat Treasures from|each stage! The higher quality|Cat Treasures will give|better Cat Treasure Bonuses!|＠|
To realise anything,|you need imagination AND action|＠|＠|＠|
Sending out cheap Cats to slow|your enemies' progress can help|you not get overwhelmed when|it counts! Managing space is key|to the victory of the Cats!|
Psst! See that Inquiry Code at|upper left of the Title Screen?|Write it down! You might regret|not having it when it counts!|＠|
Save yourself some time - use|a Speed Up to cruise through|those long stages! Seems like|it doesn't help your points on |Timed Score stages, though…|
Using a Treasure Radar will|make sure you get those hard-|to-get treasures and drop items!|Missing a piece from your set?|This is the tool to use!|
Feeling strapped for cash?|Start your fight with a full|wallet and a motivated|Worker Cat using a Rich Cat!|＠|
Use a Cat CPU to collect|XP and treasure even when|you're busy! It's just an AI,|so don't expect strategic|genius from an auto-player!|
You can count on feline|prodigy Cat Jobs to get you|the most XP for your time!|Try using this item on levels|with already big XP rewards!|
Keep your enemies pinned|down with cover fire from|Sniper the Cat! Lets loose|a powerful cannon blast|that knocks back enemies!|
Every once in a while, logging|in will get you a Rare Ticket!|Use it at the Rare Capsule |Machine to get an elite Cat|without using up Cat Food!|
Start or stop Cat Energy alerts|being sent to your phone - go to|Settings and toggle "Push Msg."!|＠|＠|
