Welcome to the Cat Base!|Prepare yourself for battle here!|When you're ready, attack!|＠|＠|
If you keep fighting|in the same stages, you'll|get less XP every time!|＠|＠|
Having trouble?|Repeat stages to get some XP|and upgrade your Cats!|＠|＠|
Stay hungry.|Stay foolish.|＠|＠|＠|
The Worker Cat is important!|Higher levels gives more money!|More money means more Cats!|Upgrade ALL THE CATS!!|＠|
Cats love Cat Food!|Cheers to Cat Food!|Cheers to Cat Food!|＠|＠|
Cat Energy recovers over time!|Wait a while and let it recover|before making your next move!|＠|＠|
Save data is stored within the app!|Deleting the app will delete|the save! Remember that!|You cannot restore your saved|data once it is deleted!|＠|
Always be thankful!|＠|＠|＠|＠|
Tap this word bubble to show a|new bit of useful advice!|Everything is learning!|＠|＠|
If you end the battle within|10 seconds of entering combat,|Energy spent will be restored!|Don't worry, items chosen for|that fight will be given back too!|＠|
Cat God's miracles use up|Cat Food, but have super|powerful effects! These|really help in a pinch, so|ask away to help you win!|＠|
Long Range attacks strike|far away enemies, but not those|right in front of that unit. Keep |baddies away from Long Range|attackers so they can fight well!|＠|
Need to upgrade Cats quickly?|If you can't spare time to clear|stages, you can always buy more|XP packs at the Cat Shop using|Cat Food. Go have a look!|＠|
Upgrade the "Research" ability to|produce more Cats in less time!|More Cats… Less time…|Everyone wins!|＠|
When you unlock a new Cat,|you can visit the Cat Guide and|get a small present by looking|at your new friend! Increase your|allies and get free Cat Food!|
Cat Treasure Skills are universal|and are active in all chapters!|Collect treasures|from previous chapters!|＠|
If you get the best quality|Cat Treasures from all the stages,|the Cats will be more powerful|then ever!|GOTTA CATCH 'EM ALL!|＠|
Be brave!|Taking just one step forward|might totally change your world!|＠|＠|
No more Battle Cats until you|finish your homework!!!|＠|＠|＠|
Do you hear it? There's a Cat|in everyone's heart.|＠|＠|＠|
Whether cats or people,|it’s the weirdos who|make life interesting.|＠|＠|
Discovering a CatCombo|just once will record it|for future reference in|the Combo List!|＠|
Crisis is the mother of opportunity!|＠|＠|＠|＠|
Clear "Into The Future" to|collect all the available|CatCombos!|＠|＠|
The treasure in"Empire of Cats"|and "Into the Future" is different:|gotta grab it all for MAX POWER!|＠|＠|
I heard some enemies can|survive even a lethal strike!|Scary…|＠|＠|
I heard a guy at the bus stop|say that the Future has a lot of|treasure that can make you |strong against Aliens!|＠|
All stages in "Into the Future"|will give you cool treasure|if you get a high enough score!|＠|＠|
"Into The Future" is no pushover!|If you have trouble, hop back to|the present to train and collect|more allies for your army!|＠|
Teaming up certain units|will give bonuses |to your battle abilities!|＠|＠|
Some enemies actually do|fight like a cornered cat!|Look up the meaning on your|smartphone, mmkay?|＠|
Tap the name of any unlocked|CatCombo when on the CatCombo|List screen to instantly set those|units into your battle formation!|＠|＠|
Use Cat Food to increase|your saved Battle Formations.|(See the Equip Menu!)|Quickly switch to the perfect|Cat Team for any situation!|＠|
When a Unit's new form is|unlocked you can change to|other forms on the Equip menu!|Tap the circular arrow at|bottom right of the Unit picture!|＠|
I'll give you helpful info about|Treasure Fest and Blitz Events.|Listen to what I say |and you can't go wrong!|＠|
Send out your GAMATOTO Cat|on an Expedition to seek XP,|Cat Food, and other rewards!|Just decide how long to deploy|and take it easy until they return!|
Offer your GAMATOTO a|Catamin to shorten their|Expedition length. They'll|bring back the same rewards|in much less time!|
Catfruit and Catfruit Seeds|will allow your Cats to unlock|their True potential! Each |weekday offers a different|stage to collect them!|
Some stages will offer a chance|to immediately continue on to|a bonus follow-up stage. Clear|this secondary stage and you|might get a cool reward!|
Gather 10 Catfruit Seeds of|any one color and they'll become|a full Catfruit!|Your Cats will thank you!!!|＠|
Only usable CatCombos will|appear in the Combo List…|Collect more friends for|your Cat Army and reveal|more partnerships!|
Recruiting helpers for your|GAMATOTO Expeditions|makes finding items easier!|＠|＠|
Levelling up GAMATOTO|makes it easier to find useful|items when on an Expedition!|＠|＠|＠|










