Catfruit Jubilee|Catfruit Jubilee|Catfruit Jubilee|＠|　|　|　|　|　|　|　|　|　|　|　|　|　|
Catfruit Jubilee|Catfruit Jubilee|Catfruit Jubilee|＠|　|　|　|　|　|　|　|　|　|　|　|　|　|
Catfruit Jubilee|Catfruit Jubilee|Catfruit Jubilee|＠|　|　|　|　|　|　|　|　|　|　|　|　|　|
Catfruit Jubilee|Catfruit Jubilee|Catfruit Jubilee|＠|　|　|　|　|　|　|　|　|　|　|　|　|　|
Catfruit Jubilee|Catfruit Jubilee|Catfruit Jubilee|＠|　|　|　|　|　|　|　|　|　|　|　|　|　|
Doom Paradise (Insane)|＠|　|　|　|　|　|　|　|　|　|　|　|　|　|　|　|
Acts of Cat-God (Insane)|＠|　|　|　|　|　|　|　|　|　|　|　|　|　|　|　|
Space is the Place (Insane)|＠|　|　|　|　|　|　|　|　|　|　|　|　|　|　|　|
＠|　|　|　|　|　|　|　|　|　|　|　|　|　|　|　|　|
＠|　|　|　|　|　|　|　|　|　|　|　|　|　|　|　|　|
