600,0,2,			//ガマトトLv「 1」での経験値，発見補正，着替えパターン，
2400,2,2,			//ガマトトLv「 2」での経験値，発見補正，着替えパターン，
10900,4,3,			//ガマトトLv「 3」での経験値，発見補正，着替えパターン，
16900,6,3,			//ガマトトLv「 4」での経験値，発見補正，着替えパターン，
23000,8,3,			//ガマトトLv「 5」での経験値，発見補正，着替えパターン，
44100,10,4,			//ガマトトLv「 6」での経験値，発見補正，着替えパターン，
65300,12,4,			//ガマトトLv「 7」での経験値，発見補正，着替えパターン，
86500,14,4,			//ガマトトLv「 8」での経験値，発見補正，着替えパターン，
107700,16,4,			//ガマトトLv「 9」での経験値，発見補正，着替えパターン，
168200,18,5,			//ガマトトLv「10」での経験値，発見補正，着替えパターン，
228700,20,5,			//ガマトトLv「11」での経験値，発見補正，着替えパターン，
289200,22,5,			//ガマトトLv「12」での経験値，発見補正，着替えパターン，
349700,24,5,			//ガマトトLv「13」での経験値，発見補正，着替えパターン，
444000,26,6,			//ガマトトLv「14」での経験値，発見補正，着替えパターン，
538400,28,6,			//ガマトトLv「15」での経験値，発見補正，着替えパターン，
632800,30,6,			//ガマトトLv「16」での経験値，発見補正，着替えパターン，
727200,32,6,			//ガマトトLv「17」での経験値，発見補正，着替えパターン，
821600,34,6,			//ガマトトLv「18」での経験値，発見補正，着替えパターン，
1003100,36,7,			//ガマトトLv「19」での経験値，発見補正，着替えパターン，
1184600,38,7,			//ガマトトLv「20」での経験値，発見補正，着替えパターン，
1366100,40,7,			//ガマトトLv「21」での経験値，発見補正，着替えパターン，
1547600,42,7,			//ガマトトLv「22」での経験値，発見補正，着替えパターン，
1729100,44,7,			//ガマトトLv「23」での経験値，発見補正，着替えパターン，
1917600,46,8,			//ガマトトLv「24」での経験値，発見補正，着替えパターン，
2106200,48,8,			//ガマトトLv「25」での経験値，発見補正，着替えパターン，
2294700,50,8,			//ガマトトLv「26」での経験値，発見補正，着替えパターン，
2483300,52,8,			//ガマトトLv「27」での経験値，発見補正，着替えパターン，
2671800,54,8,			//ガマトトLv「28」での経験値，発見補正，着替えパターン，
2860400,56,8,			//ガマトトLv「29」での経験値，発見補正，着替えパターン，
3102400,58,9,			//ガマトトLv「30」での経験値，発見補正，着替えパターン，
3344400,60,9,			//ガマトトLv「31」での経験値，発見補正，着替えパターン，
3586400,62,9,			//ガマトトLv「32」での経験値，発見補正，着替えパターン，
3828400,64,9,			//ガマトトLv「33」での経験値，発見補正，着替えパターン，
4070400,66,9,			//ガマトトLv「34」での経験値，発見補正，着替えパターン，
4312400,68,9,			//ガマトトLv「35」での経験値，発見補正，着替えパターン，
4590700,70,10,			//ガマトトLv「36」での経験値，発見補正，着替えパターン，
4869000,72,10,			//ガマトトLv「37」での経験値，発見補正，着替えパターン，
5147300,74,10,			//ガマトトLv「38」での経験値，発見補正，着替えパターン，
5425600,76,10,			//ガマトトLv「39」での経験値，発見補正，着替えパターン，
5703900,78,10,			//ガマトトLv「40」での経験値，発見補正，着替えパターン，
5982200,80,10,			//ガマトトLv「41」での経験値，発見補正，着替えパターン，
6260500,82,10,			//ガマトトLv「42」での経験値，発見補正，着替えパターン，
6584600,84,11,			//ガマトトLv「43」での経験値，発見補正，着替えパターン，
6908700,86,2,			//ガマトトLv「44」での経験値，発見補正，着替えパターン，
7232800,88,2,			//ガマトトLv「45」での経験値，発見補正，着替えパターン，
7556900,90,2,			//ガマトトLv「46」での経験値，発見補正，着替えパターン，
7881000,92,2,			//ガマトトLv「47」での経験値，発見補正，着替えパターン，
8205100,94,2,			//ガマトトLv「48」での経験値，発見補正，着替えパターン，
8529200,96,2,			//ガマトトLv「49」での経験値，発見補正，着替えパターン，
8855900,98,2,			//ガマトトLv「50」での経験値，発見補正，着替えパターン，
9182600,100,2,			//ガマトトLv「51」での経験値，発見補正，着替えパターン，
9509300,102,2,			//ガマトトLv「52」での経験値，発見補正，着替えパターン，
9836000,104,2,			//ガマトトLv「53」での経験値，発見補正，着替えパターン，
10162800,106,2,			//ガマトトLv「54」での経験値，発見補正，着替えパターン，
10489500,108,2,			//ガマトトLv「55」での経験値，発見補正，着替えパターン，
10816200,110,2,			//ガマトトLv「56」での経験値，発見補正，着替えパターン，
11142900,112,2,			//ガマトトLv「57」での経験値，発見補正，着替えパターン，
11528500,114,2,			//ガマトトLv「58」での経験値，発見補正，着替えパターン，
11914200,116,2,			//ガマトトLv「59」での経験値，発見補正，着替えパターン，
12299900,118,2,			//ガマトトLv「60」での経験値，発見補正，着替えパターン，
12685600,120,2,			//ガマトトLv「61」での経験値，発見補正，着替えパターン，
13071300,122,2,			//ガマトトLv「62」での経験値，発見補正，着替えパターン，
13457000,124,2,			//ガマトトLv「63」での経験値，発見補正，着替えパターン，
13842700,126,2,			//ガマトトLv「64」での経験値，発見補正，着替えパターン，
14228400,128,2,			//ガマトトLv「65」での経験値，発見補正，着替えパターン，
14614000,130,2,			//ガマトトLv「66」での経験値，発見補正，着替えパターン，
15049600,132,2,			//ガマトトLv「67」での経験値，発見補正，着替えパターン，
15485200,134,2,			//ガマトトLv「68」での経験値，発見補正，着替えパターン，
15920800,136,2,			//ガマトトLv「69」での経験値，発見補正，着替えパターン，
16356400,138,2,			//ガマトトLv「70」での経験値，発見補正，着替えパターン，
16792000,140,2,			//ガマトトLv「71」での経験値，発見補正，着替えパターン，
17227600,142,2,			//ガマトトLv「72」での経験値，発見補正，着替えパターン，
17663200,144,2,			//ガマトトLv「73」での経験値，発見補正，着替えパターン，
18098800,146,2,			//ガマトトLv「74」での経験値，発見補正，着替えパターン，
18534400,148,2,			//ガマトトLv「75」での経験値，発見補正，着替えパターン，
18970000,150,2,			//ガマトトLv「76」での経験値，発見補正，着替えパターン，
19557800,152,2,			//ガマトトLv「77」での経験値，発見補正，着替えパターン，
20145500,154,2,			//ガマトトLv「78」での経験値，発見補正，着替えパターン，
20733200,156,2,			//ガマトトLv「79」での経験値，発見補正，着替えパターン，
21320900,158,2,			//ガマトトLv「80」での経験値，発見補正，着替えパターン，
21908600,160,2,			//ガマトトLv「81」での経験値，発見補正，着替えパターン，
22496300,162,2,			//ガマトトLv「82」での経験値，発見補正，着替えパターン，
23084000,164,2,			//ガマトトLv「83」での経験値，発見補正，着替えパターン，
23671800,166,2,			//ガマトトLv「84」での経験値，発見補正，着替えパターン，
24259500,168,2,			//ガマトトLv「85」での経験値，発見補正，着替えパターン，
24847200,170,2,			//ガマトトLv「86」での経験値，発見補正，着替えパターン，
25434900,172,2,			//ガマトトLv「87」での経験値，発見補正，着替えパターン，
26119400,174,2,			//ガマトトLv「88」での経験値，発見補正，着替えパターン，
26803900,176,2,			//ガマトトLv「89」での経験値，発見補正，着替えパターン，
27488400,178,2,			//ガマトトLv「90」での経験値，発見補正，着替えパターン，
28173000,180,2,			//ガマトトLv「91」での経験値，発見補正，着替えパターン，
28857500,182,2,			//ガマトトLv「92」での経験値，発見補正，着替えパターン，
29542000,184,2,			//ガマトトLv「93」での経験値，発見補正，着替えパターン，
30226500,186,2,			//ガマトトLv「94」での経験値，発見補正，着替えパターン，
30911000,188,2,			//ガマトトLv「95」での経験値，発見補正，着替えパターン，
31595500,190,2,			//ガマトトLv「96」での経験値，発見補正，着替えパターン，
32280000,192,2,			//ガマトトLv「97」での経験値，発見補正，着替えパターン，
32964600,194,2,			//ガマトトLv「98」での経験値，発見補正，着替えパターン，
33649100,196,2,			//ガマトトLv「99」での経験値，発見補正，着替えパターン，
33649100,200,2,			//ガマトトLv「100」での経験値，発見補正，着替えパターン，
33649100,202,2,			//ガマトトLv「101」での経験値，発見補正，着替えパターン，
33649100,204,2,			//ガマトトLv「102」での経験値，発見補正，着替えパターン，
33649100,206,2,			//ガマトトLv「103」での経験値，発見補正，着替えパターン，
33649100,208,2,			//ガマトトLv「104」での経験値，発見補正，着替えパターン，
33649100,210,2,			//ガマトトLv「105」での経験値，発見補正，着替えパターン，
33649100,212,2,			//ガマトトLv「106」での経験値，発見補正，着替えパターン，
33649100,214,2,			//ガマトトLv「107」での経験値，発見補正，着替えパターン，
33649100,216,2,			//ガマトトLv「108」での経験値，発見補正，着替えパターン，
33649100,218,2,			//ガマトトLv「109」での経験値，発見補正，着替えパターン，
33649100,220,2,			//ガマトトLv「110」での経験値，発見補正，着替えパターン，
33649100,222,2,			//ガマトトLv「111」での経験値，発見補正，着替えパターン，
33649100,224,2,			//ガマトトLv「112」での経験値，発見補正，着替えパターン，
33649100,226,2,			//ガマトトLv「113」での経験値，発見補正，着替えパターン，
33649100,228,2,			//ガマトトLv「114」での経験値，発見補正，着替えパターン，
33649100,230,2,			//ガマトトLv「115」での経験値，発見補正，着替えパターン，
33649100,232,2,			//ガマトトLv「116」での経験値，発見補正，着替えパターン，
33649100,234,2,			//ガマトトLv「117」での経験値，発見補正，着替えパターン，
33649100,236,2,			//ガマトトLv「118」での経験値，発見補正，着替えパターン，
33649100,238,2,			//ガマトトLv「119」での経験値，発見補正，着替えパターン，
33649100,240,2,			//ガマトトLv「120」での経験値，発見補正，着替えパターン，
33649100,242,2,			//ガマトトLv「121」での経験値，発見補正，着替えパターン，
33649100,244,2,			//ガマトトLv「122」での経験値，発見補正，着替えパターン，
33649100,246,2,			//ガマトトLv「123」での経験値，発見補正，着替えパターン，
33649100,248,2,			//ガマトトLv「124」での経験値，発見補正，着替えパターン，
33649100,250,2,			//ガマトトLv「125」での経験値，発見補正，着替えパターン，
33649100,252,2,			//ガマトトLv「126」での経験値，発見補正，着替えパターン，
33649100,254,2,			//ガマトトLv「127」での経験値，発見補正，着替えパターン，
33649100,256,2,			//ガマトトLv「128」での経験値，発見補正，着替えパターン，
