ステージ番号,星,星1倍率,星2倍率,星3倍率,←項目説明
0,3,100,150,200,レジェンドステージ：伝説の始まり
1,3,100,150,200,レジェンドステージ：情熱の国
2,3,100,150,200,レジェンドステージ：グルコサミン砂漠
3,3,100,150,200,レジェンドステージ：猫ども海を渡る
4,3,100,150,200,レジェンドステージ：見つめてキャッツアイ
5,3,100,150,200,レジェンドステージ：ウエスタン街道
6,3,100,150,200,レジェンドステージ：マグロ海域
7,3,100,150,200,レジェンドステージ：バンブー島
8,3,100,150,200,レジェンドステージ：ぷにぷに鍾乳洞
9,3,100,150,200,レジェンドステージ：ボルケーノ火山
10,3,100,150,200,レジェンドステージ：千里の道
11,3,100,150,200,レジェンドステージ：アオ・ザ・カナ
12,3,100,150,200,レジェンドステージ：軍艦島
13,3,100,150,200,レジェンドステージ：つめとぎの廊下
14,3,100,150,200,レジェンドステージ：パルテノン神殿
15,3,100,150,200,レジェンドステージ：ずんどこ海水浴場
16,3,100,150,200,レジェンドステージ：アルカトラズ島
17,3,100,150,170,レジェンドステージ：脱獄トンネル
18,3,100,150,170,レジェンドステージ：カポネの監獄
19,3,100,140,160,レジェンドステージ：シルクロード
20,3,100,130,150,レジェンドステージ：闇へと続く地下道
21,3,100,120,140,レジェンドステージ：魔王の豪邸
22,3,100,120,140,レジェンドステージ：終わりを告げる夜
23,3,100,120,140,レジェンドステージ：バトルロワイアル
24,3,100,120,140,レジェンドステージ：戦争のつめあと
25,3,100,120,140,レジェンドステージ：海を汚す悪しき者
26,2,100,120,140,レジェンドステージ：心と体、繋ぐもの
27,2,100,120,140,レジェンドステージ：脆弱性と弱酸性
28,1,100,120,140,レジェンドステージ：導かれしネコ達
1000,1,100,150,200,月曜ステージ
1001,1,100,150,200,火曜ステージ
1002,1,100,150,200,水曜ステージ
1003,1,100,150,200,木曜ステージ
1004,1,100,150,200,金曜ステージ
1005,1,100,150,200,土日ステージ
1006,1,100,150,200,にゃんチケ★チャンス！
1007,1,100,150,200,逆襲のカバちゃん
1008,3,100,150,200,秋だよ運動会！
1009,3,100,150,200,勤労感謝スペシャル！
1010,3,100,150,200,なんとクリスマスが来た！
1011,3,100,150,200,新年、あけました。おめっ...
1012,3,100,150,200,召喚された福！
1013,3,100,150,200,雛壇の戦士達
1014,1,100,150,200,紅のカタストロフ
1015,1,100,150,200,ダークネスヘブン
1016,1,100,150,200,国士無双
1017,1,100,150,200,狂乱のネコ降臨
1018,1,100,150,200,狂乱のタンク降臨
1019,1,100,150,200,狂乱のバトル降臨
1020,1,100,150,200,狂乱のキモネコ降臨
1021,1,100,150,200,狂乱のウシ降臨
1022,1,100,150,200,狂乱のトリ降臨
1023,1,100,150,200,狂乱のフィッシュ降臨
1024,1,100,150,200,狂乱のトカゲ降臨
1025,1,100,150,200,狂乱の巨神降臨
1026,3,100,150,200,春だよ！高校教師
1027,1,100,150,200,土日ステージ
1028,1,100,150,200,ゲリラ経験値にゃ！
1029,3,100,150,200,コイの五月病
1030,3,100,150,200,禁断の花嫁
1031,3,100,150,200,だって夏じゃニャーイ！
1032,3,100,150,200,あの世からの帰省ラッシュ！
1033,1,100,150,200,月イベントオールスターズ スペシャル記念！
1034,1,100,150,200,月イベントオールスターズ ウルトラ記念！
1035,1,100,150,200,月イベントオールスターズ ミラクル記念！
1036,3,100,150,200,町でみたすごい老人
1037,1,100,150,200,韓国版☆特別ステージ
1038,3,100,150,200,秋だよ運動会！
1039,1,100,150,200,天罰
1040,1,100,150,200,バースデープレゼント！その1
1041,1,100,150,200,バースデープレゼント！その2
1042,1,100,150,200,バースデープレゼント！その3
1043,1,100,150,200,鉄子の部屋
1044,1,100,150,200,ことよろにゃ！
1045,1,100,150,200,開眼の女優襲来！
1046,1,100,150,200,開眼のカンフー襲来！
1047,1,100,150,200,開眼のMr.襲来！
1048,1,100,150,200,開眼の猫縛り襲来！
1049,1,100,150,200,開眼の女王猫襲来！
1050,1,100,150,200,開眼の箱詰め襲来！
1051,1,100,150,200,開眼のパンツ襲来！
1052,1,100,150,200,開眼のリンリン襲来！
1053,1,100,150,200,開眼の忍者襲来！
1054,1,100,150,200,開眼のゾンビ襲来！
1055,1,100,150,200,開眼のさむらい襲来！
1056,1,100,150,200,開眼のスモウ襲来！
1057,1,100,150,200,開眼のフィーバー襲来！
1058,1,100,150,200,開眼のスカート襲来！
1059,1,100,150,200,超ゲリラ経験値にゃ！
1060,1,100,150,200,バレンタインVSホワイトデー大戦争
1061,1,100,150,200,闇討ち 1st
1062,1,100,150,200,闇討ち 2nd
1063,1,100,150,200,闇討ち 3rd
1064,1,100,150,200,闇討ち Last
1065,3,100,150,200,とびだす！にゃんこ大戦争
1066,1,100,150,200,絶望異次元
1067,1,100,150,200,TWその１
1068,1,100,150,200,2000万ダウンロード記念 ハッピープレゼント！
1069,1,100,150,200,2000万ダウンロード記念 極ムズカーニバル！
1070,1,100,150,200,月イベントオールスターズ ワンダフル記念！
1071,1,100,150,200,EN１
1072,1,100,150,200,王道ハロウィン到来！
1073,1,100,150,200,ゲリラ月曜ステージ
1074,1,100,150,200,ゲリラ火曜ステージ
1075,1,100,150,200,ゲリラ水曜ステージ
1076,1,100,150,200,ゲリラ木曜ステージ
1077,1,100,150,200,ゲリラ金曜ステージ
1078,1,100,150,200,逆襲のカオル君
1079,1,100,150,200,イベントオールスターズ エクセレント記念！
1080,1,100,150,200,バースデープレゼント！
1081,1,100,150,200,赤鼻サンタのプレゼント！
1082,1,100,150,200,ことよろにゃ！(ΦωΦ)
1083,1,100,150,200,開眼のにゃんこ成人襲来！
1084,1,100,150,200,開眼の我輩は鬼である襲来！
1085,1,100,150,200,開眼のひなにゃんこ襲来！
1086,1,100,150,200,開眼のネコ乙女襲来！
1095,1,100,150,200,断罪天使クオリネル降臨
1096,1,100,150,200,緊急爆風警報
1097,1,100,150,200,進化の緑マタタビ
1098,1,100,150,200,進化の紫マタタビ
1099,1,100,150,200,進化の赤マタタビ
1100,1,100,150,200,進化の青マタタビ
1101,1,100,150,200,進化の黄マタタビ
1102,1,100,150,200,大狂乱のネコ降臨
1103,1,100,150,200,大狂乱のタンク降臨
1104,1,100,150,200,大狂乱のバトル降臨
1105,1,100,150,200,大狂乱のキモネコ降臨
1106,1,100,150,200,大狂乱のウシ降臨
1107,1,100,150,200,大狂乱のトリ降臨
1108,1,100,150,200,大狂乱のフィッシュ降臨
1109,1,100,150,200,大狂乱のトカゲ降臨
1110,1,100,150,200,大狂乱の巨神降臨
1111,1,100,150,200,赤と黒の猛威
2000,1,100,150,200,ふるさと自衛隊
2001,3,100,150,200,魅惑のプリンセス
2002,3,100,150,200,ケリ姫ステージ
2003,3,100,150,200,黎明期からの使者
2004,1,100,150,200,拡散性ミリオンアーサー
2005,2,100,150,200,ドラゴンポーカー
2006,1,100,150,200,ラスボス降臨!?
2007,3,100,150,200,地獄のメルクストーリア
2008,3,100,150,200,対決！メルクストーリア
2009,2,100,150,200,ドラゴンリーグ
2010,2,100,150,200,超激突！氣志團！！
2011,1,100,150,200,生きろ！マンボウ！
2012,1,100,150,200,開眼のドロイド！
2013,1,100,150,200,消滅都市 ～第１章～
2014,1,100,150,200,消滅都市 ～第２章～
2015,1,100,150,200,消滅都市 ～第３章～
2016,1,100,150,200,極道大戦争
2017,1,100,150,200,逆襲のメルクストーリア
2018,1,100,150,200,開眼の癒術士
2019,1,100,150,200,モンハン大狩猟クエスト
2020,1,100,150,200,モンハン大狩猟クエスト【緊急】
2021,1,100,150,200,メタルスラッグディフェンス
2022,1,100,150,200,超メタルスラッグディフェンス
2023,1,100,150,200,神略！ゆるドラシル
2024,1,100,150,200,城とドラゴン
2025,1,100,150,200,開眼の城とドラゴン
2026,1,100,150,200,難攻不落の城とドラゴン
2027,1,100,150,200,まもるよネコさん
